{
  "project_info": {
    "project_number": "65304975974",
    "firebase_url": "https://smartdiagnosissystem-3da77-default-rtdb.firebaseio.com",
    "project_id": "smartdiagnosissystem-3da77",
    "storage_bucket": "smartdiagnosissystem-3da77.appspot.com"
  },
  "client": [
    {
      "client_info": {
        "mobilesdk_app_id": "1:65304975974:android:cb1730b57b860689b8eba7",
        "android_client_info": {
          "package_name": "com.example.smartdiagnosissystem"
        }
      },
      "oauth_client": [
        {
          "client_id": "65304975974-vjqq1uiqr0mot2aer6qc5oul5dav2tar.apps.googleusercontent.com",
          "client_type": 3
        }
      ],
      "api_key": [
        {
          "current_key": "AIzaSyCpzvd9v1MC3cT_0jWGjd8khkpIVEs7hok"
        }
      ],
      "services": {
        "appinvite_service": {
          "other_platform_oauth_client": [
            {
              "client_id": "65304975974-vjqq1uiqr0mot2aer6qc5oul5dav2tar.apps.googleusercontent.com",
              "client_type": 3
            }
          ]
        }
      }
    }
  ],
  "configuration_version": "1"
}